{"cameraMode":{"drawMode":0,"name":"Shaded","section":"Shading Mode"},"sceneLighting":false,"audioPlay":false,"sceneViewState":{"showFog":true,"showMaterialUpdate":false,"showSkybox":false,"showFlares":true,"showImageEffects":true,"showParticleSystems":true},"in2DMode":false,"pivot":{"x":0.0,"y":10.710000038146973,"z":1.1920928955078126e-7},"rotation":{"x":0.23727819323539735,"y":-0.24565888941287995,"z":0.06215556338429451,"w":0.9378201961517334},"size":3.7830984592437746,"orthographic":false}