{"cameraMode":{"drawMode":0,"name":"Shaded","section":"Shading Mode"},"sceneLighting":false,"audioPlay":false,"sceneViewState":{"showFog":true,"showMaterialUpdate":false,"showSkybox":false,"showFlares":true,"showImageEffects":true,"showParticleSystems":true},"in2DMode":false,"pivot":{"x":0.26684099435806277,"y":8.449810981750489,"z":-6.976279258728027},"rotation":{"x":0.13586153090000153,"y":0.055843137204647067,"z":-0.007672849111258984,"w":0.9891330003738403},"size":4.683098316192627,"orthographic":false}