{"cameraMode":{"drawMode":0,"name":"Shaded","section":"Shading Mode"},"sceneLighting":true,"audioPlay":false,"sceneViewState":{"showFog":true,"showMaterialUpdate":false,"showSkybox":true,"showFlares":true,"showImageEffects":true,"showParticleSystems":true},"in2DMode":false,"pivot":{"x":-6.928300380706787,"y":-0.48947715759277346,"z":-0.4971580505371094},"rotation":{"x":0.31554755568504336,"y":0.008065996691584587,"z":-0.002396943047642708,"w":0.9490162134170532},"size":68.88372802734375,"orthographic":false}