{"cameraMode":{"drawMode":0,"name":"Shaded","section":"Shading Mode"},"sceneLighting":true,"audioPlay":false,"sceneViewState":{"showFog":true,"showMaterialUpdate":false,"showSkybox":true,"showFlares":true,"showImageEffects":true,"showParticleSystems":true},"in2DMode":false,"pivot":{"x":-5.459657669067383,"y":5.953316688537598,"z":-1.4472312927246094},"rotation":{"x":0.19287069141864777,"y":0.58635014295578,"z":-0.1462974101305008,"w":0.773075520992279},"size":33.28401184082031,"orthographic":false}