{"cameraMode":{"drawMode":0,"name":"Shaded","section":"Shading Mode"},"sceneLighting":true,"audioPlay":false,"sceneViewState":{"showFog":true,"showMaterialUpdate":false,"showSkybox":true,"showFlares":true,"showImageEffects":true,"showParticleSystems":true},"in2DMode":false,"pivot":{"x":-3.100102424621582,"y":6.570237159729004,"z":-1.8279261589050294},"rotation":{"x":0.24507761001586915,"y":0.14563672244548798,"z":-0.03727314621210098,"w":0.957805871963501},"size":30.479167938232423,"orthographic":false}