{"cameraMode":{"drawMode":0,"name":"Shaded","section":"Shading Mode"},"sceneLighting":true,"audioPlay":false,"sceneViewState":{"showFog":true,"showMaterialUpdate":false,"showSkybox":true,"showFlares":true,"showImageEffects":true,"showParticleSystems":true},"in2DMode":false,"pivot":{"x":0.6759624481201172,"y":19.86850929260254,"z":-4.332156181335449},"rotation":{"x":-0.44496235251426699,"y":-0.33530011773109438,"z":0.18456631898880006,"w":-0.8099011778831482},"size":24.7235050201416,"orthographic":false}