{"cameraMode":{"drawMode":0,"name":"Shaded","section":"Shading Mode"},"sceneLighting":true,"audioPlay":false,"sceneViewState":{"showFog":true,"showMaterialUpdate":false,"showSkybox":true,"showFlares":true,"showImageEffects":true,"showParticleSystems":true},"in2DMode":false,"pivot":{"x":-2.687586784362793,"y":3.5608882904052736,"z":-0.19925129413604737},"rotation":{"x":-0.292077898979187,"y":0.6594623923301697,"z":-0.3112679123878479,"w":-0.6188043355941773},"size":14.276165008544922,"orthographic":false}