{"cameraMode":{"drawMode":0,"name":"Shaded","section":"Shading Mode"},"sceneLighting":true,"audioPlay":false,"sceneViewState":{"showFog":true,"showMaterialUpdate":false,"showSkybox":true,"showFlares":true,"showImageEffects":true,"showParticleSystems":true},"in2DMode":false,"pivot":{"x":-3.100102424621582,"y":6.570237159729004,"z":-1.8279261589050294},"rotation":{"x":0.2588634788990021,"y":0.46086934208869936,"z":-0.14257262647151948,"w":0.8368489742279053},"size":30.479167938232423,"orthographic":false}