{"cameraMode":{"drawMode":0,"name":"Shaded","section":"Shading Mode"},"sceneLighting":false,"audioPlay":false,"sceneViewState":{"showFog":true,"showMaterialUpdate":false,"showSkybox":false,"showFlares":true,"showImageEffects":true,"showParticleSystems":true},"in2DMode":false,"pivot":{"x":3.0068604946136476,"y":8.585908889770508,"z":1.9652681350708008},"rotation":{"x":0.377685546875,"y":0.2514185607433319,"z":-0.10734362155199051,"w":0.8846694827079773},"size":9.46944522857666,"orthographic":false}