{"cameraMode":{"drawMode":0,"name":"Shaded","section":"Shading Mode"},"sceneLighting":true,"audioPlay":false,"sceneViewState":{"showFog":true,"showMaterialUpdate":false,"showSkybox":true,"showFlares":true,"showImageEffects":true,"showParticleSystems":true},"in2DMode":false,"pivot":{"x":186.34616088867188,"y":96.95574951171875,"z":-0.3919628858566284},"rotation":{"x":-0.1258661150932312,"y":-0.04106114059686661,"z":0.005214120261371136,"w":-0.991183340549469},"size":345.53070068359377,"orthographic":false}