{"cameraMode":{"drawMode":0,"name":"Shaded","section":"Shading Mode"},"sceneLighting":true,"audioPlay":false,"sceneViewState":{"showFog":true,"showMaterialUpdate":false,"showSkybox":true,"showFlares":true,"showImageEffects":true,"showParticleSystems":true},"in2DMode":false,"pivot":{"x":7.8096442222595219,"y":-0.2221670150756836,"z":-14.342432022094727},"rotation":{"x":0.35047954320907595,"y":-0.6419647336006165,"z":0.417083203792572,"w":0.5395247340202332},"size":15.401132583618164,"orthographic":false}